{"routers":{"listing_ai":{"name":"listing_ai","version":"2025-02-24T18:59:51","disableAuth":false},"analytics":{"name":"analytics","version":"2025-02-23T04:56:04","disableAuth":false},"product_lookup":{"name":"product_lookup","version":"2025-02-22T22:21:24","disableAuth":false},"ebay_integration":{"name":"ebay_integration","version":"2025-02-26T20:58:25","disableAuth":false},"price_analysis":{"name":"price_analysis","version":"2025-02-26T21:17:10","disableAuth":false},"scrapers":{"name":"scrapers","version":"2025-02-23T04:25:39","disableAuth":false}}}